{"centro_titularidad":"PRIVADO","centro_codigo":"28062084","centro_nombre":"INSTITUTO VOX","centro_tipo_codigo":"058","centro_tipo_desc_abreviada":"CPR FPE","centro_tipo_descripcion":"CENTRO PRIVADO DE FORMACIÓN PROFESIONAL ESPECÍFICA","centro_titular":"INSTITUTO VOX, S.L. UNIPERSONAL","contacto_email1":"institutovox@institutovox.es","contacto_fax":"","contacto_telefono1":"","contacto_telefono2":"915471759","contacto_telefono3":"","contacto_telefono4":"","contacto_web":"","dat_codigo":"5","dat_nombre":"Madrid-Capital","direccion_codigo_postal":"","direccion_coor_x":439513,"direccion_coor_y":4476920,"direccion_numero":"115B","direccion_via_nombre":"de Guzmán el Bueno","direccion_via_tipo":"CALLE","distrito_codigo":"07","distrito_nombre":"Chamberí","municipio_codigo":"079","municipio_nombre":"Madrid","promedio_x":439602.9362934363,"promedio_y":4476838.754826255,"distancia_centroide":121.19948487467829,"rank_dist":1}
{"centro_titularidad":"PRIVADO CONCERTADO","centro_codigo":"28022323","centro_nombre":"TEIDE II","centro_tipo_codigo":"058","centro_tipo_desc_abreviada":"CPR FPE","centro_tipo_descripcion":"CENTRO PRIVADO DE FORMACIÓN PROFESIONAL ESPECÍFICA","centro_titular":"SOCIEDAD COOPERATIVA MADRILEÑA TEIDE-HEASE","contacto_email1":"cc.teideii.madrid@educa.madrid.org","contacto_fax":"913487658","contacto_telefono1":"915483931","contacto_telefono2":"","contacto_telefono3":"","contacto_telefono4":"","contacto_web":"http://www.teideformacion.com","dat_codigo":"5","dat_nombre":"Madrid-Capital","direccion_codigo_postal":"28013","direccion_coor_x":439841,"direccion_coor_y":4474146,"direccion_numero":"49","direccion_via_nombre":"Mayor","direccion_via_tipo":"CALLE","distrito_codigo":"01","distrito_nombre":"Centro","municipio_codigo":"079","municipio_nombre":"Madrid","promedio_x":440264.7489361702,"promedio_y":4474293.580851064,"distancia_centroide":448.7129020946017,"rank_dist":1}
{"centro_titularidad":"PÚBLICO","centro_codigo":"28018344","centro_nombre":"SANTA TERESA DE JESUS","centro_tipo_codigo":"042","centro_tipo_desc_abreviada":"IES","centro_tipo_descripcion":"INSTITUTO DE EDUCACIÓN SECUNDARIA","centro_titular":"COMUNIDAD DE MADRID","contacto_email1":"ies.santateresa.madrid@educa.madrid.org","contacto_fax":"915418034","contacto_telefono1":"915415996","contacto_telefono2":"","contacto_telefono3":"","contacto_telefono4":"","contacto_web":"http://www.educa.madrid.org/ies.santateresa.madrid","dat_codigo":"5","dat_nombre":"Madrid-Capital","direccion_codigo_postal":"28013","direccion_coor_x":439759,"direccion_coor_y":4474678,"direccion_numero":"9","direccion_via_nombre":"del Fomento","direccion_via_tipo":"CALLE","distrito_codigo":"01","distrito_nombre":"Centro","municipio_codigo":"079","municipio_nombre":"Madrid","promedio_x":440157.3842874543,"promedio_y":4474481.943970768,"distancia_centroide":444.01352129048774,"rank_dist":1}
{"centro_titularidad":"PÚBLICO-TITULARIDAD PRIVADA","centro_codigo":"28060580","centro_nombre":"ESCUELA DE FORMACION ESPEC. IMAGEN DIAG. HOSPITAL CLINICO SAN CARLOS","centro_tipo_codigo":"049","centro_tipo_desc_abreviada":"CP FPE","centro_tipo_descripcion":"CENTRO PÚBLICO DE FORMACIÓN PROFESIONAL ESPECÍFICA","centro_titular":"SERVICIO MADRILEÑO DE SALUD","contacto_email1":"fpe.hospitalclinico.madrid@educa.madrid.org","contacto_fax":"913303580","contacto_telefono1":"913303583","contacto_telefono2":"","contacto_telefono3":"","contacto_telefono4":"","contacto_web":"http://www.educa.madrid.org/fpe.hospitalclinico.madrid","dat_codigo":"5","dat_nombre":"Madrid-Capital","direccion_codigo_postal":"28040","direccion_coor_x":438970,"direccion_coor_y":4476829,"direccion_numero":"s/n","direccion_via_nombre":"del Profesor Martín Lagos","direccion_via_tipo":"CALLE","distrito_codigo":"09","distrito_nombre":"Moncloa-Aravaca","municipio_codigo":"079","municipio_nombre":"Madrid","promedio_x":438924.0,"promedio_y":4479147.0,"distancia_centroide":2318.4563830272937,"rank_dist":1}
